id,first_name,last_name,email,gender,ip_address
1,Hayes,Beadon,hbeadon0@google.com.hk,Male,252.139.35.90
2,Bradney,Rosenschein,brosenschein1@imageshack.us,Male,133.185.95.7
3,Magdalena,Bortoletti,mbortoletti2@tinyurl.com,Female,208.81.83.5
4,Sheffy,Dunning,sdunning3@liveinternet.ru,Male,191.14.245.12
5,Garvy,Wanklyn,gwanklyn4@weather.com,Male,99.29.200.115
6,Debor,Kivits,dkivits5@ocn.ne.jp,Female,23.201.180.75
7,Janaya,Danielsohn,jdanielsohn6@nature.com,Female,240.69.26.22
8,Thain,Lodeke,tlodeke7@php.net,Male,69.175.21.57
9,Ignace,Chateau,ichateau8@scribd.com,Male,186.92.92.93
10,Kameko,Vispo,kvispo9@diigo.com,Female,86.172.113.173
11,Kingsly,Pigney,kpigneya@tinypic.com,Male,125.38.224.246
12,Shay,Filinkov,sfilinkovb@hostgator.com,Female,43.72.15.77
13,Christabella,Callery,ccalleryc@amazon.de,Female,114.159.49.43
14,Aggie,Druett,adruettd@sakura.ne.jp,Female,192.83.252.31
15,Keene,Tomasik,ktomasike@purevolume.com,Male,130.229.98.204
16,Deidre,Gisburn,dgisburnf@reddit.com,Female,204.61.254.52
17,Madelle,Griston,mgristong@elpais.com,Female,65.184.207.111
18,Eudora,Ettels,eettelsh@posterous.com,Female,22.225.19.197
19,Viviana,Cashell,vcashelli@msu.edu,Female,158.142.36.45
20,Price,Seville,psevillej@sitemeter.com,Male,160.229.130.55
21,Codee,Snoxall,csnoxallk@wikimedia.org,Female,131.222.72.210
22,Mickey,Allsebrook,mallsebrookl@domainmarket.com,Male,94.92.116.103
23,Karney,Beagles,kbeaglesm@weather.com,Male,50.143.122.228
24,Andris,Crutchley,acrutchleyn@house.gov,Male,198.188.35.232
25,Padraig,Puxley,ppuxleyo@patch.com,Male,137.51.36.103
26,Rafaela,Mold,rmoldp@tiny.cc,Female,189.105.109.47
27,Drucie,Grimestone,dgrimestoneq@github.com,Female,169.39.103.243
28,Yul,Dartnell,ydartnellr@spotify.com,Male,253.122.41.58
29,Denver,Eastes,deastess@answers.com,Male,83.109.59.79
30,Pembroke,Gosson,pgossont@barnesandnoble.com,Male,215.138.34.53
31,Audre,Habbon,ahabbonu@dmoz.org,Female,30.7.3.93
32,Elwyn,Hedin,ehedinv@bing.com,Male,240.84.218.207
33,Marybelle,Heighway,mheighwayw@jugem.jp,Female,179.101.48.212
34,Hillie,Birtwistle,hbirtwistlex@plala.or.jp,Male,171.199.236.47
35,Katusha,Springate,kspringatey@clickbank.net,Female,68.241.171.90
36,Dacie,Cash,dcashz@wisc.edu,Female,27.80.198.197
37,Borg,Fehely,bfehely10@purevolume.com,Male,129.15.68.55
38,Sharon,Hinchshaw,shinchshaw11@indiatimes.com,Female,59.95.38.103
39,Michele,Aers,maers12@imdb.com,Female,199.43.253.202
40,Feliks,Dabes,fdabes13@irs.gov,Male,204.21.114.158
41,Ransom,Yesenin,ryesenin14@uiuc.edu,Male,171.17.204.91
42,Tildie,Poytheras,tpoytheras15@businessweek.com,Female,129.247.146.179
43,Raphael,Maudett,rmaudett16@de.vu,Male,26.196.139.91
44,Emlyn,Hymor,ehymor17@ameblo.jp,Male,40.204.86.225
45,Natala,Butterfint,nbutterfint18@narod.ru,Female,58.39.182.157
46,Olva,Skone,oskone19@wikia.com,Female,111.226.236.218
47,Horton,Mellon,hmellon1a@unicef.org,Male,27.159.29.124
48,Morse,Sothern,msothern1b@indiegogo.com,Male,18.75.83.219
49,Venita,Skelbeck,vskelbeck1c@redcross.org,Female,75.222.110.72
50,Lazar,Twittey,ltwittey1d@free.fr,Male,78.128.95.233
51,Merla,Traviss,mtraviss1e@nydailynews.com,Female,199.65.93.185
52,Dall,Campo,dcampo1f@ucsd.edu,Male,190.163.239.129
53,Gaultiero,Darleston,gdarleston1g@go.com,Male,49.50.230.87
54,Lorilee,Clements,lclements1h@storify.com,Female,124.94.186.132
55,Jory,Deane,jdeane1i@google.com.br,Male,0.171.55.113
56,Way,Pelling,wpelling1j@ucla.edu,Male,2.180.50.175
57,Dusty,Jewitt,djewitt1k@businessinsider.com,Female,52.68.113.196
58,Rockey,Shevels,rshevels1l@oakley.com,Male,249.163.144.230
59,Trudi,Wofenden,twofenden1m@facebook.com,Female,60.97.73.232
60,Antony,Wasielewski,awasielewski1n@miibeian.gov.cn,Male,217.48.44.140
61,Danette,Trout,dtrout1o@google.com.br,Female,6.98.11.221
62,Carlos,Erat,cerat1p@ifeng.com,Male,224.218.30.194
63,Hildagard,Evamy,hevamy1q@unesco.org,Female,67.3.109.204
64,Herby,Livesey,hlivesey1r@intel.com,Male,144.134.230.1
65,Normie,Cruickshank,ncruickshank1s@google.com.au,Male,194.7.227.82
66,Nate,Marriott,nmarriott1t@epa.gov,Male,50.126.148.10
67,Hastings,Calway,hcalway1u@cyberchimps.com,Male,251.126.255.208
68,Nyssa,Iskov,niskov1v@cnet.com,Female,75.130.136.37
69,Florentia,MacColgan,fmaccolgan1w@technorati.com,Female,237.142.83.178
70,Monro,Ebanks,mebanks1x@japanpost.jp,Male,14.152.235.90
71,Thorpe,Giannasi,tgiannasi1y@pbs.org,Male,238.71.163.194
72,Wilton,Lodeke,wlodeke1z@w3.org,Male,93.140.109.203
73,Candra,Truscott,ctruscott20@unicef.org,Female,193.93.52.202
74,Micheal,Plaskitt,mplaskitt21@techcrunch.com,Male,230.92.137.158
75,Karlen,Utteridge,kutteridge22@merriam-webster.com,Female,9.255.204.48
76,Minette,Pell,mpell23@joomla.org,Female,130.81.159.51
77,Tina,Dewane,tdewane24@dedecms.com,Female,247.234.110.186
78,Gwyn,Stannus,gstannus25@1688.com,Female,84.179.98.146
79,Samaria,Hablot,shablot26@ameblo.jp,Female,150.73.114.56
80,Shae,Menure,smenure27@blinklist.com,Male,223.155.207.79
81,Lambert,Tarrant,ltarrant28@wisc.edu,Male,213.185.169.240
82,Aube,Noakes,anoakes29@hexun.com,Male,26.177.8.54
83,Syd,Endley,sendley2a@issuu.com,Male,185.126.1.151
84,Crissy,Gristhwaite,cgristhwaite2b@engadget.com,Female,110.161.10.136
85,Javier,Pursey,jpursey2c@ezinearticles.com,Male,92.223.87.163
86,Curry,Adelman,cadelman2d@soundcloud.com,Male,101.50.123.251
87,Hadley,Koschek,hkoschek2e@cocolog-nifty.com,Male,101.208.126.47
88,Chris,Van den Hof,cvandenhof2f@trellian.com,Female,17.144.135.55
89,Nicola,Izkovitz,nizkovitz2g@slideshare.net,Male,201.77.8.20
90,Clemens,Benduhn,cbenduhn2h@hostgator.com,Male,12.220.255.114
91,Mona,Boxell,mboxell2i@dell.com,Female,211.95.177.31
92,Edlin,Brugmann,ebrugmann2j@marriott.com,Male,102.132.138.36
93,Sherm,Brawson,sbrawson2k@ning.com,Male,234.51.11.228
94,Ashien,Trim,atrim2l@tiny.cc,Female,186.157.201.230
95,Bern,Yoseloff,byoseloff2m@cnn.com,Male,78.127.168.176
96,Gar,Klammt,gklammt2n@nyu.edu,Male,253.38.22.73
97,Lanna,Stockoe,lstockoe2o@springer.com,Female,118.228.189.4
98,Korella,Stennett,kstennett2p@infoseek.co.jp,Female,95.74.194.143
99,Trescha,Tyrwhitt,ttyrwhitt2q@mozilla.org,Female,196.10.201.40
100,Bengt,Leggs,bleggs2r@reference.com,Male,118.20.94.49
101,Jamima,Arnault,jarnault2s@state.gov,Female,180.185.152.191
102,Burnard,Greatbatch,bgreatbatch2t@godaddy.com,Male,42.144.54.105
103,Johann,Brotheridge,jbrotheridge2u@dailymotion.com,Male,159.108.231.170
104,Carlin,Newhouse,cnewhouse2v@linkedin.com,Male,202.203.246.73
105,Sherwynd,Cammidge,scammidge2w@loc.gov,Male,254.155.134.185
106,Burnard,Moan,bmoan2x@studiopress.com,Male,201.62.148.18
107,Malvin,Belham,mbelham2y@nih.gov,Male,201.211.25.179
108,Cris,Mateescu,cmateescu2z@amazon.de,Male,237.254.85.157
109,Ricardo,Ayrs,rayrs30@dedecms.com,Male,123.117.123.106
110,Mateo,Scutcheon,mscutcheon31@disqus.com,Male,35.176.147.204
111,Frederik,Elacoate,felacoate32@hostgator.com,Male,37.99.208.148
112,Britteny,Kaiser,bkaiser33@indiegogo.com,Female,89.159.11.110
113,Bernadine,Simister,bsimister34@gnu.org,Female,144.134.55.7
114,Phillis,Jobke,pjobke35@sfgate.com,Female,188.155.169.72
115,Jodee,Cheine,jcheine36@marketwatch.com,Female,76.135.116.37
116,Orion,Uff,ouff37@walmart.com,Male,190.81.13.65
117,Rene,Ramel,rramel38@webeden.co.uk,Male,191.62.115.251
118,Mike,Assiratti,massiratti39@bbc.co.uk,Male,171.39.123.202
119,Maximilianus,Bassett,mbassett3a@yandex.ru,Male,138.71.113.134
120,Ernaline,Bodiam,ebodiam3b@disqus.com,Female,156.94.183.253
121,Elane,Yalden,eyalden3c@senate.gov,Female,145.5.206.20
122,Joshia,Haysman,jhaysman3d@elegantthemes.com,Male,31.69.18.225
123,Garret,Spurge,gspurge3e@nydailynews.com,Male,254.196.141.51
124,Allis,Britt,abritt3f@wikipedia.org,Female,202.92.158.138
125,Cori,Acum,cacum3g@nba.com,Male,110.87.1.182
126,Theodore,Stagg,tstagg3h@mediafire.com,Male,171.217.57.136
127,Alis,Goning,agoning3i@home.pl,Female,112.194.79.41
128,Arvin,Ambridge,aambridge3j@spotify.com,Male,232.32.239.56
129,Kliment,Quodling,kquodling3k@paypal.com,Male,225.78.94.158
130,Gradey,Balderston,gbalderston3l@tamu.edu,Male,23.196.5.22
131,Welbie,Floch,wfloch3m@yandex.ru,Male,152.143.166.87
132,Leonora,Senussi,lsenussi3n@amazon.co.uk,Female,221.200.206.1
133,Erroll,Fawdrie,efawdrie3o@stanford.edu,Male,55.105.48.50
134,Jodi,Hugle,jhugle3p@technorati.com,Male,145.234.220.77
135,Sarina,Andreev,sandreev3q@com.com,Female,124.4.187.241
136,Rickie,Splain,rsplain3r@mapquest.com,Male,177.30.233.67
137,Dew,Gainor,dgainor3s@webeden.co.uk,Male,96.180.214.127
138,Luciana,Wither,lwither3t@europa.eu,Female,32.96.181.88
139,Ernesto,Mutlow,emutlow3u@senate.gov,Male,13.116.227.57
140,Gar,Healeas,ghealeas3v@slashdot.org,Male,26.136.144.73
141,Fielding,McDonnell,fmcdonnell3w@dot.gov,Male,193.71.153.1
142,Augusta,Steptow,asteptow3x@wsj.com,Female,194.138.187.249
143,Dalston,Bridgwater,dbridgwater3y@1und1.de,Male,53.10.138.222
144,Pierette,Ackerman,packerman3z@omniture.com,Female,121.163.13.44
145,Laird,Briat,lbriat40@homestead.com,Male,139.238.207.219
146,Dill,Coventon,dcoventon41@fotki.com,Male,246.233.40.75
147,Sheri,Vlasenko,svlasenko42@etsy.com,Female,130.66.26.1
148,Kyrstin,Gilbertson,kgilbertson43@hibu.com,Female,239.181.152.82
149,Alameda,Skillman,askillman44@exblog.jp,Female,191.165.82.251
150,Latashia,Siviour,lsiviour45@dropbox.com,Female,135.22.62.203
151,Alessandra,Waiting,awaiting46@reddit.com,Female,13.203.172.120
152,Godfree,Caldero,gcaldero47@ustream.tv,Male,5.125.147.35
153,Fairlie,Rollinson,frollinson48@barnesandnoble.com,Male,28.188.151.0
154,Ibrahim,Trehearn,itrehearn49@google.pl,Male,36.52.100.95
155,Muriel,Musto,mmusto4a@indiatimes.com,Female,131.180.111.120
156,Dukey,Avrasin,davrasin4b@un.org,Male,86.210.42.13
157,Marji,Dooney,mdooney4c@jugem.jp,Female,106.181.149.176
158,Laurens,Edgerley,ledgerley4d@blinklist.com,Male,249.213.239.15
159,Massimiliano,McLeish,mmcleish4e@ning.com,Male,240.134.45.166
160,Myca,Braybrook,mbraybrook4f@springer.com,Male,18.69.73.143
161,Tiffanie,Rosentholer,trosentholer4g@un.org,Female,49.46.200.123
162,Carolina,Mayman,cmayman4h@nhs.uk,Female,157.105.121.47
163,Lisa,Brasener,lbrasener4i@soundcloud.com,Female,57.118.1.211
164,Arliene,Farnin,afarnin4j@google.de,Female,146.106.236.190
165,Felicle,Austing,fausting4k@lulu.com,Female,174.140.3.26
166,Mace,Killcross,mkillcross4l@hao123.com,Male,104.22.108.144
167,Garwin,Woosnam,gwoosnam4m@dot.gov,Male,110.60.81.199
168,Marcellus,Axworthy,maxworthy4n@scientificamerican.com,Male,8.80.187.106
169,Bar,McNirlan,bmcnirlan4o@marriott.com,Male,175.142.172.147
170,Ethe,Kolyagin,ekolyagin4p@delicious.com,Male,233.68.13.160
171,Cazzie,Wenzel,cwenzel4q@addtoany.com,Male,100.53.82.94
172,May,Apfler,mapfler4r@1688.com,Female,196.59.136.212
173,Iosep,Hounsham,ihounsham4s@tumblr.com,Male,111.242.39.44
174,Ardelle,Matkovic,amatkovic4t@hugedomains.com,Female,24.93.95.171
175,Merrily,Flindall,mflindall4u@thetimes.co.uk,Female,255.52.172.9
176,Myrlene,Knatt,mknatt4v@dyndns.org,Female,80.3.12.192
177,Darn,McQuorkel,dmcquorkel4w@noaa.gov,Male,54.9.56.29
178,Ned,Lasselle,nlasselle4x@netscape.com,Male,8.165.242.226
179,Sosanna,Grant,sgrant4y@biglobe.ne.jp,Female,148.157.26.85
180,Delaney,Scranney,dscranney4z@tuttocitta.it,Male,216.63.127.239
181,Ebonee,Forsdyke,eforsdyke50@rediff.com,Female,110.112.140.195
182,Yurik,Yitshak,yyitshak51@indiegogo.com,Male,29.101.246.201
183,Aeriell,Costelloe,acostelloe52@wikipedia.org,Female,145.228.189.194
184,Enrique,Pateman,epateman53@biglobe.ne.jp,Male,254.223.215.70
185,Nevins,Toman,ntoman54@dagondesign.com,Male,88.86.120.211
186,Timothy,Buckberry,tbuckberry55@toplist.cz,Male,63.41.96.159
187,Star,Catlin,scatlin56@sina.com.cn,Female,203.78.85.20
188,Lou,Favell,lfavell57@wisc.edu,Male,170.235.27.105
189,Celesta,Totterdell,ctotterdell58@accuweather.com,Female,227.190.228.24
190,Suzette,Buffin,sbuffin59@blinklist.com,Female,161.200.232.29
191,Karoly,Carder,kcarder5a@bluehost.com,Male,76.195.142.168
192,Dmitri,Juza,djuza5b@nydailynews.com,Male,121.201.190.36
193,Hugibert,Badman,hbadman5c@google.de,Male,198.27.178.33
194,Gilberto,Hudspeth,ghudspeth5d@ebay.com,Male,189.208.92.122
195,Piggy,Kornousek,pkornousek5e@miibeian.gov.cn,Male,99.205.75.233
196,Diann,Agius,dagius5f@deliciousdays.com,Female,215.44.11.141
197,Madison,Molson,mmolson5g@blogspot.com,Male,248.191.106.0
198,Erhard,Lashbrook,elashbrook5h@springer.com,Male,173.232.143.245
199,Tadio,Hurrell,thurrell5i@japanpost.jp,Male,131.76.19.109
200,Steve,Roles,sroles5j@typepad.com,Male,104.74.75.94
201,Ernst,Pead,epead5k@about.com,Male,190.159.62.161
202,Julee,Haensel,jhaensel5l@multiply.com,Female,145.165.132.48
203,Corie,Berndtsson,cberndtsson5m@businessinsider.com,Female,82.200.252.86
204,Zolly,Langdale,zlangdale5n@theguardian.com,Male,102.198.7.183
205,Corilla,Judkin,cjudkin5o@ed.gov,Female,139.83.34.165
206,Kirk,Gannan,kgannan5p@businesswire.com,Male,26.240.209.74
207,Boone,Gannan,bgannan5q@eepurl.com,Male,118.102.96.76
208,Brittany,Kobpac,bkobpac5r@arizona.edu,Female,124.51.49.89
209,Madlen,Cherry,mcherry5s@imageshack.us,Female,21.130.59.8
210,Chuck,Winckle,cwinckle5t@slideshare.net,Male,252.54.149.249
211,Jarib,Vynoll,jvynoll5u@yellowpages.com,Male,234.191.162.181
212,Junie,Tofanelli,jtofanelli5v@ovh.net,Female,13.174.66.126
213,Sunshine,Doxsey,sdoxsey5w@ocn.ne.jp,Female,21.140.190.70
214,Gabriel,Hufton,ghufton5x@nih.gov,Male,240.184.191.170
215,Sharity,Serot,sserot5y@slideshare.net,Female,46.42.159.104
216,Judy,Dachey,jdachey5z@deviantart.com,Female,106.92.125.29
217,Ogdon,Petrescu,opetrescu60@sakura.ne.jp,Male,120.50.111.19
218,Burton,Schroeder,bschroeder61@arizona.edu,Male,226.243.99.141
219,Dolly,McGrah,dmcgrah62@ebay.com,Female,239.17.32.67
220,Bessie,Ohms,bohms63@diigo.com,Female,72.29.140.144
221,Almire,Vondrak,avondrak64@feedburner.com,Female,135.109.49.175
222,Rance,Drews,rdrews65@livejournal.com,Male,167.196.12.147
223,Omero,Possel,opossel66@washington.edu,Male,67.205.0.214
224,Lucille,Jeenes,ljeenes67@w3.org,Female,160.135.199.91
225,Nola,Rutter,nrutter68@bluehost.com,Female,115.248.168.243
226,Agata,Incogna,aincogna69@thetimes.co.uk,Female,20.60.121.76
227,Catherine,McKune,cmckune6a@unesco.org,Female,153.249.26.243
228,Janith,Kleinplac,jkleinplac6b@mail.ru,Female,161.54.106.39
229,Vern,Kepe,vkepe6c@epa.gov,Male,251.7.131.50
230,Zorana,Tick,ztick6d@123-reg.co.uk,Female,85.31.246.63
231,Carmelle,Wolfart,cwolfart6e@patch.com,Female,213.166.229.190
232,Jacquenetta,Janny,jjanny6f@spotify.com,Female,7.153.80.68
233,Callie,Gristock,cgristock6g@samsung.com,Female,112.169.31.18
234,Gordon,Vallantine,gvallantine6h@blog.com,Male,228.210.207.41
235,Gaylord,Cantwell,gcantwell6i@vimeo.com,Male,184.219.157.88
236,Sammie,Matignon,smatignon6j@opera.com,Male,202.165.107.228
237,Shawn,Krimmer,skrimmer6k@wikipedia.org,Male,188.210.46.153
238,Kippie,Bransby,kbransby6l@stanford.edu,Male,36.250.40.144
239,Derby,Stote,dstote6m@amazon.de,Male,222.231.173.3
240,Deloris,Guswell,dguswell6n@google.ru,Female,231.241.54.6
241,Roland,Limpricht,rlimpricht6o@wikimedia.org,Male,128.172.93.143
242,Selene,Bowton,sbowton6p@icq.com,Female,69.9.96.220
243,Lonee,Height,lheight6q@toplist.cz,Female,55.160.86.51
244,Shandeigh,Fozzard,sfozzard6r@spiegel.de,Female,111.219.107.67
245,Wendeline,Boultwood,wboultwood6s@unesco.org,Female,205.181.52.78
246,Tailor,Koschek,tkoschek6t@house.gov,Male,227.235.228.253
247,Stevena,Mushrow,smushrow6u@census.gov,Female,102.238.235.170
248,Maurizio,Bedborough,mbedborough6v@angelfire.com,Male,222.163.16.157
249,Antonie,Kliemke,akliemke6w@tinypic.com,Female,239.54.77.255
250,Dorise,Schwieso,dschwieso6x@posterous.com,Female,207.84.185.144
251,Keary,Penny,kpenny6y@flickr.com,Male,14.224.251.232
252,Dur,Leavens,dleavens6z@youtu.be,Male,5.165.15.148
253,Jeralee,Leyton,jleyton70@huffingtonpost.com,Female,246.151.238.185
254,Maximilien,Forder,mforder71@unc.edu,Male,221.206.179.237
255,Jewel,Braz,jbraz72@photobucket.com,Female,35.223.210.202
256,Tammara,Kiellor,tkiellor73@statcounter.com,Female,172.23.89.85
257,Coretta,Casemore,ccasemore74@eventbrite.com,Female,80.96.74.135
258,Dot,Loding,dloding75@slate.com,Female,158.27.27.249
259,Adriana,Kohtler,akohtler76@sitemeter.com,Female,39.90.150.181
260,Jane,O'Finan,jofinan77@webeden.co.uk,Female,201.33.253.208
261,Alon,Weetch,aweetch78@usatoday.com,Male,123.196.109.228
262,Merlina,Canceller,mcanceller79@google.pl,Female,104.100.191.159
263,Corine,Ackrill,cackrill7a@lycos.com,Female,189.10.22.86
264,Wyndham,Woodington,wwoodington7b@ocn.ne.jp,Male,56.78.253.250
265,Dorie,Gussin,dgussin7c@livejournal.com,Male,98.69.119.250
266,Carmita,Vodden,cvodden7d@gmpg.org,Female,39.181.228.210
267,Yancey,Ring,yring7e@privacy.gov.au,Male,53.225.43.203
268,Lark,Pinnegar,lpinnegar7f@prnewswire.com,Female,14.240.22.75
269,Lucilia,Ragsdale,lragsdale7g@abc.net.au,Female,238.183.110.65
270,Tracey,Raynor,traynor7h@quantcast.com,Male,111.160.214.49
271,Christiano,Craft,ccraft7i@techcrunch.com,Male,179.170.116.140
272,Will,Guttridge,wguttridge7j@walmart.com,Male,99.135.77.199
273,Jillayne,Barnardo,jbarnardo7k@samsung.com,Female,220.199.3.42
274,Boigie,Krink,bkrink7l@tmall.com,Male,225.163.227.241
275,Jed,Munkton,jmunkton7m@posterous.com,Male,179.173.139.61
276,Ira,Currao,icurrao7n@toplist.cz,Male,7.111.218.231
277,Caspar,Mingardi,cmingardi7o@epa.gov,Male,70.225.243.18
278,Rodina,Pinchback,rpinchback7p@typepad.com,Female,9.186.229.182
279,Mathias,Goodrick,mgoodrick7q@ameblo.jp,Male,133.21.127.140
280,Gustavo,Grayling,ggrayling7r@un.org,Male,237.51.119.160
281,Mariellen,Bone,mbone7s@google.es,Female,223.153.86.62
282,Kellina,Richardeau,krichardeau7t@discovery.com,Female,122.118.28.164
283,Margery,Rosenhaus,mrosenhaus7u@blogger.com,Female,157.254.242.78
284,Catharine,de Clerq,cdeclerq7v@reddit.com,Female,199.86.246.104
285,Hedwiga,Keems,hkeems7w@skyrock.com,Female,100.88.240.90
286,Ancell,Chaff,achaff7x@netlog.com,Male,100.175.193.130
287,Sterne,MacGowing,smacgowing7y@oaic.gov.au,Male,222.225.28.217
288,Cullin,McGahey,cmcgahey7z@hubpages.com,Male,185.146.90.227
289,Dulciana,Nehls,dnehls80@seesaa.net,Female,64.139.80.157
290,Ashby,Fortman,afortman81@nyu.edu,Male,187.224.93.201
291,Ario,Quantrill,aquantrill82@dell.com,Male,130.202.160.69
292,Laughton,Bundock,lbundock83@google.co.uk,Male,202.45.244.119
293,Toddie,Thurner,tthurner84@angelfire.com,Male,32.220.147.245
294,Chrisy,McCreagh,cmccreagh85@gov.uk,Male,113.1.107.125
295,Jock,Cockshott,jcockshott86@auda.org.au,Male,175.168.66.165
296,Marinna,Morphew,mmorphew87@tinypic.com,Female,146.245.208.55
297,Masha,Hehl,mhehl88@usgs.gov,Female,139.123.34.28
298,Pall,Bowfin,pbowfin89@chicagotribune.com,Male,52.139.152.212
299,Ulises,Luckhurst,uluckhurst8a@hp.com,Male,147.89.30.228
300,Raul,Joynt,rjoynt8b@java.com,Male,181.78.35.17
301,Mason,Bellson,mbellson8c@amazonaws.com,Male,30.152.234.112
302,Bernadina,D'Aulby,bdaulby8d@baidu.com,Female,195.225.100.252
303,Shari,Brisse,sbrisse8e@webnode.com,Female,226.73.18.112
304,Kippy,Greenall,kgreenall8f@epa.gov,Female,159.106.55.94
305,Keelby,Synder,ksynder8g@hostgator.com,Male,177.44.141.228
306,Darrin,Jachimczak,djachimczak8h@weibo.com,Male,77.131.18.171
307,Rosanne,Ghioni,rghioni8i@webmd.com,Female,204.207.159.166
308,Tulley,Holyard,tholyard8j@uol.com.br,Male,168.146.156.77
309,Lothaire,Blundin,lblundin8k@ebay.com,Male,29.170.245.248
310,Parsifal,Pairpoint,ppairpoint8l@biglobe.ne.jp,Male,246.14.44.24
311,Whitney,Touret,wtouret8m@themeforest.net,Female,13.34.50.219
312,Ron,Saing,rsaing8n@si.edu,Male,218.121.26.167
313,Dierdre,Koppke,dkoppke8o@npr.org,Female,85.125.219.118
314,Temp,Clemintoni,tclemintoni8p@stanford.edu,Male,171.174.63.18
315,Allyson,Russe,arusse8q@about.com,Female,48.109.114.207
316,Wendeline,Ransome,wransome8r@tinyurl.com,Female,239.100.117.187
317,Elnora,Bathersby,ebathersby8s@sfgate.com,Female,114.174.159.103
318,Carmencita,Zaczek,czaczek8t@tripod.com,Female,83.81.6.1
319,Shayna,McCaughran,smccaughran8u@alexa.com,Female,244.210.18.14
320,Angelico,Trayling,atrayling8v@washington.edu,Male,58.190.160.123
321,Charmain,Esland,cesland8w@usa.gov,Female,51.168.119.45
322,Pia,Cormode,pcormode8x@slate.com,Female,63.207.76.79
323,Farleigh,Cassella,fcassella8y@omniture.com,Male,235.30.50.239
324,Lenette,Naisbet,lnaisbet8z@discovery.com,Female,171.171.244.245
325,Coriss,Tander,ctander90@yolasite.com,Female,129.229.197.229
326,Onfroi,Dovington,odovington91@nps.gov,Male,178.106.210.29
327,Thia,Radsdale,tradsdale92@1und1.de,Female,13.94.180.6
328,Natalina,McQuaker,nmcquaker93@globo.com,Female,223.154.242.38
329,Jehanna,Seale,jseale94@vinaora.com,Female,202.200.225.141
330,Lizette,Jenkison,ljenkison95@bravesites.com,Female,15.205.16.9
331,Abbott,Crookshanks,acrookshanks96@delicious.com,Male,84.203.60.130
332,Arch,Klemensiewicz,aklemensiewicz97@hatena.ne.jp,Male,93.183.173.119
333,Edyth,Kayzer,ekayzer98@jiathis.com,Female,116.89.194.160
334,Hillery,Marre,hmarre99@gnu.org,Male,172.10.175.2
335,Bernadette,Altamirano,baltamirano9a@ask.com,Female,206.130.213.199
336,Meriel,Shirtliff,mshirtliff9b@edublogs.org,Female,114.127.223.107
337,Marj,Culver,mculver9c@nasa.gov,Female,169.13.5.178
338,Tani,Jales,tjales9d@google.cn,Female,198.126.98.169
339,Ibrahim,Stiles,istiles9e@state.tx.us,Male,192.188.91.92
340,Stephen,Chelnam,schelnam9f@tuttocitta.it,Male,8.128.51.23
341,Dall,Klemencic,dklemencic9g@cyberchimps.com,Male,155.159.116.164
342,Twyla,Agglione,tagglione9h@bluehost.com,Female,188.207.148.252
343,Tiffi,Casarino,tcasarino9i@spotify.com,Female,195.226.182.247
344,Sergei,Husthwaite,shusthwaite9j@ucoz.com,Male,186.244.204.161
345,Townsend,Barmby,tbarmby9k@noaa.gov,Male,124.36.150.124
346,Daune,Duffell,dduffell9l@friendfeed.com,Female,82.189.147.4
347,Alexandro,Frobisher,afrobisher9m@google.co.uk,Male,224.179.128.78
348,Bourke,Leeb,bleeb9n@bigcartel.com,Male,26.88.188.121
349,Giffard,Daoust,gdaoust9o@cbc.ca,Male,106.56.191.24
350,Teirtza,Novakovic,tnovakovic9p@theglobeandmail.com,Female,92.54.115.110
351,Karalynn,Mattinson,kmattinson9q@tumblr.com,Female,100.39.221.180
352,Cosme,Rosencwaig,crosencwaig9r@printfriendly.com,Male,101.140.129.107
353,Gabbie,Rayne,grayne9s@csmonitor.com,Male,33.123.107.207
354,Braden,Burmaster,bburmaster9t@oakley.com,Male,238.200.78.8
355,Anya,Tricker,atricker9u@wp.com,Female,230.117.130.42
356,Sherwood,Mulloch,smulloch9v@ning.com,Male,111.5.124.221
357,Dixie,Wasteney,dwasteney9w@tripadvisor.com,Female,172.147.73.53
358,Amby,Waylen,awaylen9x@hc360.com,Male,105.84.34.55
359,Brannon,Tuer,btuer9y@seesaa.net,Male,147.219.181.72
360,Thomasa,Hansill,thansill9z@cbc.ca,Female,43.228.23.148
361,Lissa,Kidby,lkidbya0@nature.com,Female,89.23.196.99
362,Ronald,Amiable,ramiablea1@bloomberg.com,Male,235.181.147.57
363,Amaleta,Hazley,ahazleya2@php.net,Female,82.106.117.252
364,Sela,Jefford,sjefforda3@google.com.au,Female,240.198.84.220
365,Greg,Jirzik,gjirzika4@zdnet.com,Male,36.255.206.207
366,Tony,Riddle,triddlea5@japanpost.jp,Female,182.105.130.22
367,Modesty,Renny,mrennya6@chron.com,Female,218.108.213.49
368,Auguste,Tattersall,atattersalla7@japanpost.jp,Female,131.109.87.11
369,Howard,Lenormand,hlenormanda8@rediff.com,Male,237.255.4.15
370,Andrea,McPartling,amcpartlinga9@barnesandnoble.com,Female,124.134.82.143
371,Jessica,Kopisch,jkopischaa@npr.org,Female,198.25.40.194
372,Klara,Kenealy,kkenealyab@senate.gov,Female,46.124.106.71
373,Kalvin,Coltart,kcoltartac@youtu.be,Male,52.70.17.193
374,Emmit,Pallant,epallantad@ifeng.com,Male,79.241.208.185
375,Molli,Effemy,meffemyae@indiegogo.com,Female,171.227.10.130
376,Krispin,Culpin,kculpinaf@php.net,Male,12.132.30.76
377,Jedediah,Oakwell,joakwellag@loc.gov,Male,122.222.187.218
378,Peder,Paolacci,ppaolacciah@blogtalkradio.com,Male,196.80.181.113
379,Kort,Dibbe,kdibbeai@dmoz.org,Male,45.142.60.37
380,Anet,Tommeo,atommeoaj@nps.gov,Female,25.66.0.89
381,Juli,Decent,jdecentak@youtube.com,Female,126.225.146.15
382,Nikolas,Boom,nboomal@stumbleupon.com,Male,253.31.188.130
383,Miran,Edgley,medgleyam@cdc.gov,Female,158.6.82.133
384,Simone,Baudinelli,sbaudinellian@1und1.de,Male,66.50.11.20
385,Sherm,Shadrack,sshadrackao@wordpress.com,Male,61.95.79.175
386,Megan,Binyon,mbinyonap@cnbc.com,Female,144.148.51.15
387,Addison,Rillatt,arillattaq@alibaba.com,Male,82.84.115.245
388,Marlin,Gledhill,mgledhillar@friendfeed.com,Male,232.56.95.140
389,Alejoa,Amsden,aamsdenas@java.com,Male,27.207.195.16
390,Melonie,Benduhn,mbenduhnat@google.com,Female,209.124.5.201
391,Thaddus,Barlas,tbarlasau@nba.com,Male,66.242.118.117
392,Dyane,Bouskill,dbouskillav@google.fr,Female,78.22.0.11
393,Kimmi,Echallier,kechallieraw@ow.ly,Female,239.71.171.218
394,Trumann,Hegarty,thegartyax@scientificamerican.com,Male,121.156.184.119
395,Laird,Garms,lgarmsay@technorati.com,Male,32.85.188.120
396,Sutherland,Tolemache,stolemacheaz@dailymotion.com,Male,189.2.208.100
397,Marcellina,Bremner,mbremnerb0@elegantthemes.com,Female,244.44.123.224
398,Garrek,Otley,gotleyb1@google.com,Male,248.181.178.214
399,Yoko,Orpyne,yorpyneb2@g.co,Female,201.203.161.223
400,Sharleen,Luxton,sluxtonb3@hostgator.com,Female,102.19.116.51
401,Ibrahim,Lundon,ilundonb4@paginegialle.it,Male,41.50.145.233
402,Abagael,Pennycord,apennycordb5@ucoz.ru,Female,97.174.188.144
403,Lynelle,Cluff,lcluffb6@t-online.de,Female,23.99.77.223
404,Sarge,Castrillo,scastrillob7@google.it,Male,72.22.246.2
405,Saundra,Schoffel,sschoffelb8@g.co,Male,10.0.51.59
406,Kristen,Allston,kallstonb9@histats.com,Female,154.160.242.185
407,Hillier,Le Leu,hleleuba@mit.edu,Male,238.88.248.176
408,Cull,Degnen,cdegnenbb@yale.edu,Male,192.107.76.69
409,Renato,Fenck,rfenckbc@seattletimes.com,Male,41.196.167.32
410,Micki,Shovelin,mshovelinbd@cpanel.net,Female,65.137.141.223
411,Jobyna,Decourcy,jdecourcybe@pcworld.com,Female,157.229.12.81
412,Layla,Bariball,lbariballbf@forbes.com,Female,137.101.33.246
413,Jennie,Ring,jringbg@arizona.edu,Female,93.90.250.248
414,Mamie,Dibsdale,mdibsdalebh@time.com,Female,145.92.64.40
415,Ami,Luard,aluardbi@cbsnews.com,Female,193.30.32.135
416,Savina,Cabbell,scabbellbj@simplemachines.org,Female,81.222.175.107
417,Dominica,Dismore,ddismorebk@noaa.gov,Female,119.67.71.225
418,Merola,See,mseebl@virginia.edu,Female,75.0.224.56
419,Gawen,Sones,gsonesbm@gravatar.com,Male,94.153.230.69
420,Jarrod,Aulsford,jaulsfordbn@yahoo.co.jp,Male,68.111.20.44
421,Vergil,Brekonridge,vbrekonridgebo@sohu.com,Male,53.252.111.225
422,Ebeneser,Maffey,emaffeybp@amazonaws.com,Male,144.151.0.191
423,Jenelle,de Quesne,jdequesnebq@devhub.com,Female,51.144.198.162
424,Bobby,Harrild,bharrildbr@blinklist.com,Female,89.77.203.134
425,Case,Beynkn,cbeynknbs@globo.com,Male,43.187.55.97
426,Theodore,Addis,taddisbt@amazon.de,Male,146.144.82.221
427,Joan,Worham,jworhambu@usgs.gov,Female,236.30.39.92
428,Laverna,Kettel,lkettelbv@clickbank.net,Female,111.73.203.134
429,Durant,Spelman,dspelmanbw@phoca.cz,Male,61.74.148.251
430,Hayward,Cutten,hcuttenbx@tmall.com,Male,215.114.134.38
431,Orlando,MacNockater,omacnockaterby@hc360.com,Male,216.34.138.50
432,Alric,Kayzer,akayzerbz@google.de,Male,192.116.47.79
433,Barbette,Guido,bguidoc0@gizmodo.com,Female,211.98.32.51
434,Thorsten,Stirland,tstirlandc1@jugem.jp,Male,63.78.253.201
435,Hubert,Batchley,hbatchleyc2@comcast.net,Male,26.213.194.224
436,Mahalia,Ainscow,mainscowc3@elpais.com,Female,82.66.231.252
437,Barnebas,Wathey,bwatheyc4@ox.ac.uk,Male,107.24.198.186
438,Erie,Tiltman,etiltmanc5@vistaprint.com,Male,54.24.230.139
439,Neil,Grinnell,ngrinnellc6@youtu.be,Male,62.67.104.174
440,Fidelia,Ryder,fryderc7@amazon.de,Female,253.186.176.48
441,Elwira,Tomsu,etomsuc8@sina.com.cn,Female,173.155.89.205
442,Steffie,Gallaccio,sgallaccioc9@tripadvisor.com,Female,3.71.106.31
443,Margarethe,Merrick,mmerrickca@canalblog.com,Female,114.185.226.115
444,Alyse,Clackson,aclacksoncb@wikispaces.com,Female,38.192.203.117
445,Rodolph,Scottini,rscottinicc@hibu.com,Male,121.110.109.106
446,Glen,Readett,greadettcd@cnbc.com,Male,12.206.234.74
447,Tedda,Hancock,thancockce@mozilla.com,Female,76.108.161.209
448,Susan,Overel,soverelcf@ezinearticles.com,Female,162.213.120.132
449,Fayina,Loudiane,floudianecg@theglobeandmail.com,Female,242.25.252.73
450,Jaquelyn,Lundbeck,jlundbeckch@spotify.com,Female,198.150.105.43
451,Mitch,Koch,mkochci@buzzfeed.com,Male,75.3.78.161
452,Powell,Shurrock,pshurrockcj@cmu.edu,Male,67.119.54.64
453,Wendye,Stainson,wstainsonck@answers.com,Female,149.104.53.18
454,Payton,McRory,pmcrorycl@woothemes.com,Male,114.111.191.193
455,Court,Bavridge,cbavridgecm@amazon.co.jp,Male,21.173.8.190
456,Ricky,Cockburn,rcockburncn@about.com,Male,244.195.86.209
457,Woodrow,Bollon,wbollonco@prlog.org,Male,120.111.177.154
458,Cyndie,Hundey,chundeycp@netlog.com,Female,69.146.101.29
459,Neill,Round,nroundcq@sina.com.cn,Male,39.197.210.67
460,Jackelyn,Leipelt,jleipeltcr@creativecommons.org,Female,185.205.228.2
461,Clarissa,Behrend,cbehrendcs@china.com.cn,Female,174.219.6.178
462,Mar,Shernock,mshernockct@auda.org.au,Male,51.53.147.202
463,Irving,Liveing,iliveingcu@blogs.com,Male,30.222.184.111
464,Kari,Daleman,kdalemancv@tinypic.com,Female,238.218.129.80
465,Em,Kneebone,ekneebonecw@cloudflare.com,Female,18.145.253.18
466,Yuma,Salaman,ysalamancx@toplist.cz,Male,20.201.66.33
467,Scott,Joslow,sjoslowcy@biblegateway.com,Male,145.148.175.203
468,Reider,Luke,rlukecz@un.org,Male,107.156.143.36
469,Desdemona,Sadgrove,dsadgroved0@nytimes.com,Female,51.122.76.184
470,Torin,McCathy,tmccathyd1@about.me,Male,99.151.53.139
471,Terrell,McCobb,tmccobbd2@rakuten.co.jp,Male,9.12.1.202
472,Amargo,Ivanovic,aivanovicd3@ihg.com,Female,108.243.121.107
473,Giorgia,Sellor,gsellord4@csmonitor.com,Female,8.41.13.236
474,Kristin,Cockrell,kcockrelld5@google.ru,Female,144.134.27.239
475,Marv,Surmon,msurmond6@blog.com,Male,203.172.155.143
476,Vonnie,McLoughlin,vmcloughlind7@fastcompany.com,Female,130.240.170.202
477,Franciskus,Wickham,fwickhamd8@biblegateway.com,Male,11.235.138.210
478,Brett,Stothert,bstothertd9@thetimes.co.uk,Male,175.97.99.48
479,Lucio,Brownsey,lbrownseyda@bing.com,Male,12.81.242.165
480,Kylie,Lyokhin,klyokhindb@privacy.gov.au,Female,216.95.192.224
481,Anne,Midner,amidnerdc@senate.gov,Female,195.151.131.57
482,Uri,Cordelet,ucordeletdd@washingtonpost.com,Male,250.11.32.112
483,Jewell,Clayfield,jclayfieldde@printfriendly.com,Female,161.184.2.174
484,Roi,Starbuck,rstarbuckdf@tripadvisor.com,Male,2.5.39.74
485,Jefferson,Badby,jbadbydg@ebay.com,Male,123.191.201.22
486,Janela,Monsey,jmonseydh@state.gov,Female,77.193.14.130
487,Ellswerth,Feldfisher,efeldfisherdi@fotki.com,Male,117.26.253.131
488,Rossy,Hampe,rhampedj@cargocollective.com,Male,216.160.79.43
489,Ebeneser,Slimon,eslimondk@geocities.jp,Male,13.16.106.209
490,Reynard,Scottesmoor,rscottesmoordl@macromedia.com,Male,95.109.205.61
491,Gawain,Alloisi,galloisidm@usda.gov,Male,191.140.251.114
492,Ardath,Andrusyak,aandrusyakdn@loc.gov,Female,73.181.169.103
493,Lynnelle,Branwhite,lbranwhitedo@ucoz.ru,Female,120.204.163.183
494,Major,Kernes,mkernesdp@sakura.ne.jp,Male,242.130.89.193
495,Hildagarde,Braunstein,hbraunsteindq@delicious.com,Female,33.139.233.231
496,Bradley,Foggo,bfoggodr@npr.org,Male,249.184.249.172
497,Eb,Makeswell,emakeswellds@wufoo.com,Male,162.120.193.242
498,Rex,MacKeever,rmackeeverdt@jigsy.com,Male,91.238.193.127
499,Nestor,Jessopp,njessoppdu@paypal.com,Male,19.185.26.92
500,Margarita,Skylett,mskylettdv@sitemeter.com,Female,233.12.166.241
501,Dall,Caunter,dcaunterdw@sciencedirect.com,Male,90.149.179.73
502,Rheba,Lote,rlotedx@cisco.com,Female,167.49.243.75
503,Lotte,Borlease,lborleasedy@ning.com,Female,196.72.83.120
504,Elise,Forbear,eforbeardz@cnbc.com,Female,221.67.155.118
505,Irv,Glyn,iglyne0@oaic.gov.au,Male,24.234.15.126
506,Devin,Buchan,dbuchane1@prlog.org,Female,41.3.104.100
507,Gerardo,Van Geffen,gvangeffene2@blogspot.com,Male,209.7.32.101
508,Giffie,Van Saltsberg,gvansaltsberge3@tripod.com,Male,94.206.88.191
509,Lionello,Bierling,lbierlinge4@usda.gov,Male,98.7.105.100
510,Jilleen,Olle,jollee5@a8.net,Female,16.244.162.246
511,Angeline,Milsap,amilsape6@friendfeed.com,Female,6.86.189.171
512,Jocko,Goundsy,jgoundsye7@tripod.com,Male,6.183.34.193
513,Allene,Mityushin,amityushine8@chron.com,Female,153.96.47.19
514,Tiebold,Pettisall,tpettisalle9@archive.org,Male,183.76.200.126
515,Willetta,Sprowle,wsprowleea@engadget.com,Female,52.246.16.193
516,Tymon,Baillie,tbaillieeb@springer.com,Male,60.26.156.243
517,Artemus,Mitchell,amitchellec@wired.com,Male,22.190.233.230
518,Heath,Luggar,hluggared@geocities.com,Male,240.189.75.127
519,Maynord,Legat,mlegatee@constantcontact.com,Male,2.236.247.180
520,Cindra,Babbe,cbabbeef@google.com.br,Female,136.120.190.44
521,Kelly,Orta,kortaeg@ted.com,Male,232.146.25.64
522,Alethea,Authers,aautherseh@ox.ac.uk,Female,164.5.232.46
523,Delmar,Feyer,dfeyerei@mlb.com,Male,157.1.138.237
524,Mufinella,Jancik,mjancikej@wufoo.com,Female,217.96.224.102
525,Theodor,Connue,tconnueek@phpbb.com,Male,185.0.183.233
526,Alysia,Clews,aclewsel@weather.com,Female,242.197.161.24
527,Martyn,Rowth,mrowthem@yahoo.co.jp,Male,240.118.238.64
528,Matthus,Battman,mbattmanen@theguardian.com,Male,181.223.85.13
529,Dolores,Seneschal,dseneschaleo@desdev.cn,Female,49.165.86.199
530,Anna-diane,Lodevick,alodevickep@ucoz.ru,Female,86.1.152.233
531,Milty,Swaddle,mswaddleeq@godaddy.com,Male,123.7.155.59
532,Shandee,McDonnell,smcdonneller@fastcompany.com,Female,105.211.16.1
533,Shirlee,Whittles,swhittleses@digg.com,Female,109.216.246.202
534,Barnabe,Vaudrey,bvaudreyet@dell.com,Male,2.142.231.114
535,Antony,MacGovern,amacgoverneu@mapquest.com,Male,151.130.85.135
536,Eba,Loutheane,eloutheaneev@examiner.com,Female,181.195.198.15
537,Parsifal,Braghini,pbraghiniew@wisc.edu,Male,126.199.87.119
538,Natala,Coatham,ncoathamex@foxnews.com,Female,193.171.103.218
539,Jennilee,Loxston,jloxstoney@amazon.co.uk,Female,31.254.148.120
540,Chrisy,Harriot,charriotez@pagesperso-orange.fr,Male,229.195.191.196
541,Shawn,Somerbell,ssomerbellf0@123-reg.co.uk,Male,138.83.166.57
542,Granthem,Duffer,gdufferf1@unicef.org,Male,193.181.31.126
543,Loree,Paulig,lpauligf2@indiegogo.com,Female,58.221.103.231
544,Mitchell,Sans,msansf3@jimdo.com,Male,59.28.207.27
545,Sloane,Duffield,sduffieldf4@facebook.com,Male,0.128.176.234
546,Carin,Calterone,ccalteronef5@mediafire.com,Female,212.91.61.0
547,Ivan,Linke,ilinkef6@nyu.edu,Male,152.140.254.186
548,Melisse,Loveredge,mloveredgef7@kickstarter.com,Female,196.41.237.36
549,Clemente,Demcik,cdemcikf8@github.io,Male,179.63.22.252
550,Teena,Beddingham,tbeddinghamf9@cornell.edu,Female,163.143.245.138
551,Leonid,Jodlkowski,ljodlkowskifa@psu.edu,Male,207.251.252.197
552,Northrup,Matushevich,nmatushevichfb@booking.com,Male,247.120.141.255
553,Fidole,Dursley,fdursleyfc@bing.com,Male,189.7.207.81
554,Everett,McElroy,emcelroyfd@is.gd,Male,68.56.51.118
555,Corny,Duffyn,cduffynfe@fda.gov,Male,247.181.230.232
556,Kissiah,Reignard,kreignardff@goodreads.com,Female,71.240.144.146
557,Thaine,Aldis,taldisfg@clickbank.net,Male,115.153.175.4
558,Lottie,Nevet,lnevetfh@moonfruit.com,Female,112.216.73.249
559,Aldon,McArte,amcartefi@youtu.be,Male,76.18.208.61
560,Allan,Giraldez,agiraldezfj@shutterfly.com,Male,22.180.235.112
561,Roddy,Billin,rbillinfk@oaic.gov.au,Male,144.196.124.216
562,Sara,Kirkebye,skirkebyefl@ucla.edu,Female,11.9.250.166
563,Pearl,de Lloyd,pdelloydfm@feedburner.com,Female,219.52.2.237
564,Rutledge,Seviour,rseviourfn@narod.ru,Male,54.251.254.16
565,Sheff,Antonovic,santonovicfo@cpanel.net,Male,75.199.74.95
566,Con,Robus,crobusfp@sciencedirect.com,Female,105.85.24.96
567,Coletta,Courage,ccouragefq@hexun.com,Female,102.172.222.172
568,Jeniece,Markey,jmarkeyfr@histats.com,Female,227.47.135.203
569,Erwin,Kidson,ekidsonfs@phoca.cz,Male,129.220.150.25
570,Diahann,Teresse,dteresseft@mit.edu,Female,29.129.108.175
571,Leona,Walsom,lwalsomfu@elpais.com,Female,172.250.62.11
572,Claus,Hapke,chapkefv@flavors.me,Male,8.166.198.7
573,Corrie,Jacqueminet,cjacqueminetfw@dell.com,Female,167.33.23.70
574,Vite,Litherland,vlitherlandfx@seesaa.net,Male,116.195.36.99
575,Nefen,Christiensen,nchristiensenfy@chron.com,Male,99.77.76.84
576,Em,MacDearmid,emacdearmidfz@princeton.edu,Female,121.165.202.127
577,Marven,O'Concannon,moconcannong0@phoca.cz,Male,85.44.143.108
578,Newton,Plunkett,nplunkettg1@blinklist.com,Male,65.189.19.155
579,Marjy,Macklin,mmackling2@sbwire.com,Female,75.101.164.117
580,Hewet,Samter,hsamterg3@accuweather.com,Male,211.226.213.244
581,Brok,Fransinelli,bfransinellig4@arstechnica.com,Male,225.172.80.157
582,Lavinie,Rawkesby,lrawkesbyg5@soup.io,Female,94.53.125.51
583,Gill,Nunan,gnunang6@icq.com,Female,42.15.59.56
584,Anna-diana,Blanshard,ablanshardg7@posterous.com,Female,176.95.243.65
585,Sanders,Batman,sbatmang8@disqus.com,Male,229.123.241.33
586,Gray,Athersmith,gathersmithg9@delicious.com,Female,118.158.117.156
587,Curcio,Martynka,cmartynkaga@simplemachines.org,Male,115.125.50.154
588,Orv,Eglaise,oeglaisegb@netvibes.com,Male,1.54.149.182
589,Vasili,Hibbart,vhibbartgc@hud.gov,Male,107.209.200.205
590,Wandis,Buckler,wbucklergd@sourceforge.net,Female,145.146.30.254
591,Ashil,Guymer,aguymerge@mysql.com,Female,83.131.23.56
592,Joan,Jozefiak,jjozefiakgf@squidoo.com,Female,186.233.235.202
593,Kort,Coon,kcoongg@ehow.com,Male,247.108.211.47
594,Abram,Vassar,avassargh@godaddy.com,Male,106.191.112.240
595,Adda,Buttery,abutterygi@smh.com.au,Female,240.83.224.239
596,Rebekah,Treend,rtreendgj@php.net,Female,8.226.114.158
597,Arch,Lloyd,alloydgk@goo.ne.jp,Male,255.244.98.149
598,Gustavus,Penniell,gpenniellgl@wikispaces.com,Male,190.1.213.214
599,Arvy,McDermot,amcdermotgm@nba.com,Male,144.10.67.184
600,Timothea,Drivers,tdriversgn@flavors.me,Female,162.62.189.237
601,Wit,Seebert,wseebertgo@google.co.uk,Male,205.70.189.30
602,Arleen,Rossborough,arossboroughgp@utexas.edu,Female,103.8.67.38
603,Salvidor,Rau,sraugq@discovery.com,Male,133.100.213.253
604,Adaline,Errichi,aerrichigr@soup.io,Female,145.69.50.40
605,Shawna,Tear,steargs@discuz.net,Female,88.156.94.105
606,Dall,Greatreax,dgreatreaxgt@skype.com,Male,23.225.208.196
607,Gaspar,Aucutt,gaucuttgu@topsy.com,Male,25.167.106.193
608,Morganica,Le Guin,mleguingv@springer.com,Female,67.94.105.41
609,Mace,Bignell,mbignellgw@examiner.com,Male,167.35.194.51
610,Tann,Vaar,tvaargx@nydailynews.com,Male,158.129.68.36
611,Alvina,Buncom,abuncomgy@nbcnews.com,Female,226.254.78.40
612,Judas,Warke,jwarkegz@instagram.com,Male,122.211.65.18
613,Ned,Brotherhood,nbrotherhoodh0@upenn.edu,Male,220.13.3.47
614,Fran,Algie,falgieh1@hhs.gov,Female,128.206.187.116
615,Lauraine,Knee,lkneeh2@ft.com,Female,25.205.192.210
616,Remington,Rapp,rrapph3@wufoo.com,Male,143.77.50.206
617,Florida,Marcoolyn,fmarcoolynh4@vk.com,Female,211.0.211.158
618,Jerry,Ruler,jrulerh5@cafepress.com,Male,228.130.95.249
619,Scarlett,Harrower,sharrowerh6@unc.edu,Female,83.40.36.180
620,Zola,Mayor,zmayorh7@ifeng.com,Female,217.248.46.96
621,Vilhelmina,Devitt,vdevitth8@constantcontact.com,Female,158.204.238.213
622,Montgomery,Wayland,mwaylandh9@smh.com.au,Male,232.70.188.253
623,Marietta,Cornu,mcornuha@hhs.gov,Male,110.152.190.10
624,Noe,Klimko,nklimkohb@deviantart.com,Male,179.94.181.249
625,Aldric,Lukes,alukeshc@ustream.tv,Male,164.154.171.211
626,Amabelle,Sivell,asivellhd@smugmug.com,Female,197.189.21.173
627,Link,Kall,lkallhe@jiathis.com,Male,77.199.6.32
628,Charles,Forte,cfortehf@ask.com,Male,193.118.208.27
629,Celene,Torbard,ctorbardhg@webmd.com,Female,172.58.241.62
630,Eugenius,Halfacre,ehalfacrehh@tumblr.com,Male,113.209.18.57
631,Rania,Tranckle,rtrancklehi@hp.com,Female,77.127.76.153
632,Ripley,Swalwell,rswalwellhj@nbcnews.com,Male,7.225.207.185
633,Mylo,Liepina,mliepinahk@dmoz.org,Male,118.204.234.125
634,Bruis,Vakhlov,bvakhlovhl@abc.net.au,Male,39.26.182.7
635,Delbert,Murrow,dmurrowhm@blogs.com,Male,203.224.140.144
636,Alverta,Broomfield,abroomfieldhn@ucoz.ru,Female,31.91.47.75
637,Cassius,Bandt,cbandtho@washington.edu,Male,124.169.132.219
638,Cecilius,Tivolier,ctivolierhp@bravesites.com,Male,19.105.46.101
639,Lynsey,De L'Isle,ldelislehq@timesonline.co.uk,Female,15.154.137.85
640,Iorgo,Halwell,ihalwellhr@answers.com,Male,92.255.230.65
641,Ardis,Woollends,awoollendshs@globo.com,Female,140.240.134.229
642,Dolly,Stobbes,dstobbesht@cnet.com,Female,136.24.193.206
643,Markos,Baggot,mbaggothu@nyu.edu,Male,158.224.75.45
644,Myles,Gomer,mgomerhv@acquirethisname.com,Male,177.146.170.103
645,Anabel,Pantling,apantlinghw@wiley.com,Female,153.45.78.16
646,Meggie,D'Andrea,mdandreahx@desdev.cn,Female,75.46.116.186
647,Kippie,Tilley,ktilleyhy@bluehost.com,Female,192.42.190.145
648,Duffie,Alven,dalvenhz@bbc.co.uk,Male,101.109.79.144
649,Leslie,Lappin,llappini0@e-recht24.de,Female,4.163.135.2
650,Gus,Rosewall,grosewalli1@huffingtonpost.com,Female,219.32.121.193
651,Hannie,Lillywhite,hlillywhitei2@hatena.ne.jp,Female,58.98.243.71
652,Gwendolen,Tidbold,gtidboldi3@mac.com,Female,105.171.240.122
653,Meaghan,Spooner,mspooneri4@telegraph.co.uk,Female,36.246.234.124
654,Dieter,Beed,dbeedi5@oaic.gov.au,Male,250.34.167.133
655,Trixie,Dubs,tdubsi6@rakuten.co.jp,Female,217.222.101.87
656,Noble,Pooley,npooleyi7@studiopress.com,Male,203.195.79.52
657,Berry,Moline,bmolinei8@nationalgeographic.com,Female,7.7.112.89
658,Blanch,Shimony,bshimonyi9@msu.edu,Female,84.188.234.162
659,Thornton,Predohl,tpredohlia@bloomberg.com,Male,46.193.115.81
660,Zacharias,Bennie,zbennieib@marriott.com,Male,146.129.141.202
661,Andreas,Mosedill,amosedillic@cam.ac.uk,Male,117.189.173.149
662,Lisbeth,Dorking,ldorkingid@nyu.edu,Female,241.76.51.219
663,Julita,Ruecastle,jruecastleie@goo.gl,Female,189.191.243.61
664,Gilles,Graalmans,ggraalmansif@jugem.jp,Male,70.148.95.46
665,Rory,Fleeman,rfleemanig@uol.com.br,Male,196.223.166.223
666,Gibbie,Cutsforth,gcutsforthih@prlog.org,Male,118.26.187.12
667,Jerome,Trillow,jtrillowii@chron.com,Male,229.220.30.117
668,Anatollo,MacAlroy,amacalroyij@dedecms.com,Male,186.0.165.241
669,Theadora,Quirk,tquirkik@go.com,Female,26.205.53.12
670,Margot,Emnoney,memnoneyil@i2i.jp,Female,28.67.180.199
671,Sammy,Senescall,ssenescallim@merriam-webster.com,Female,251.181.162.195
672,Aldridge,Ruddock,aruddockin@xrea.com,Male,36.182.150.146
673,Rickert,Surridge,rsurridgeio@spotify.com,Male,210.158.138.5
674,Gayle,Malter,gmalterip@blogspot.com,Male,109.133.244.62
675,Sterling,Martinetto,smartinettoiq@tripadvisor.com,Male,58.138.40.214
676,Marlin,Gair,mgairir@ycombinator.com,Male,70.220.234.117
677,Melisandra,Cotillard,mcotillardis@cbsnews.com,Female,210.128.223.42
678,Ina,Sivyer,isivyerit@sciencedirect.com,Female,245.228.75.88
679,Georgetta,Lidington,glidingtoniu@weibo.com,Female,208.83.87.173
680,Burlie,Gullen,bgulleniv@spiegel.de,Male,112.39.244.113
681,Stuart,Trythall,strythalliw@ustream.tv,Male,150.100.181.66
682,Dill,Bessell,dbessellix@flickr.com,Male,23.153.83.201
683,Rhianon,Phillis,rphillisiy@xinhuanet.com,Female,58.205.42.102
684,Caron,Danbye,cdanbyeiz@sogou.com,Female,225.172.251.65
685,Franni,Asgodby,fasgodbyj0@privacy.gov.au,Female,99.157.88.184
686,Sharyl,Pilmoor,spilmoorj1@berkeley.edu,Female,59.71.219.166
687,Diena,Glanton,dglantonj2@miibeian.gov.cn,Female,130.157.8.123
688,Nona,Clappison,nclappisonj3@xing.com,Female,155.107.153.9
689,Berton,Gash,bgashj4@dedecms.com,Male,83.162.11.193
690,Cayla,Morrieson,cmorriesonj5@baidu.com,Female,234.211.229.159
691,Renata,Wadsworth,rwadsworthj6@tiny.cc,Female,38.108.120.211
692,Gratiana,Surguine,gsurguinej7@unc.edu,Female,42.128.113.206
693,Doreen,Brotherton,dbrothertonj8@businessinsider.com,Female,187.69.127.136
694,Ardelia,Arpino,aarpinoj9@myspace.com,Female,233.116.245.59
695,Aubrey,Blockwell,ablockwellja@gizmodo.com,Male,53.4.123.213
696,Griswold,Udall,gudalljb@e-recht24.de,Male,195.226.35.9
697,Micah,Adamolli,madamollijc@columbia.edu,Male,166.148.113.57
698,Siana,Lundbech,slundbechjd@japanpost.jp,Female,167.142.97.38
699,Calv,Boulsher,cboulsherje@t.co,Male,144.198.72.165
700,Candi,Karslake,ckarslakejf@issuu.com,Female,240.213.36.39
701,Skippie,Bruty,sbrutyjg@g.co,Male,145.54.42.85
702,Gwendolyn,Brugger,gbruggerjh@xinhuanet.com,Female,29.39.91.244
703,Lilli,MacElroy,lmacelroyji@walmart.com,Female,36.99.181.46
704,Helyn,Linnett,hlinnettjj@icio.us,Female,130.191.140.151
705,Angy,Sargison,asargisonjk@facebook.com,Female,177.45.255.144
706,Keelia,Vasyushkhin,kvasyushkhinjl@cbsnews.com,Female,199.79.207.139
707,Joshua,Treby,jtrebyjm@loc.gov,Male,60.41.208.84
708,Ariela,Sleney,asleneyjn@addtoany.com,Female,195.119.79.104
709,Milo,Keetch,mkeetchjo@statcounter.com,Male,69.239.225.237
710,Rhodie,Damiata,rdamiatajp@pcworld.com,Female,111.143.93.146
711,Paige,Servis,pservisjq@joomla.org,Female,224.101.184.61
712,Cairistiona,Allchorne,callchornejr@reference.com,Female,100.15.22.178
713,Jacquelynn,McKew,jmckewjs@webmd.com,Female,164.102.179.112
714,Luz,Abbys,labbysjt@skyrock.com,Female,1.173.101.253
715,Miquela,Aucourte,maucourteju@vk.com,Female,248.87.65.169
716,Seline,Carluccio,scarlucciojv@patch.com,Female,168.102.248.129
717,Grace,Rampton,gramptonjw@hatena.ne.jp,Female,217.52.235.22
718,Merola,Buney,mbuneyjx@chicagotribune.com,Female,231.28.110.231
719,Nappy,Pontefract,npontefractjy@thetimes.co.uk,Male,211.85.78.55
720,Orlando,Larchiere,olarchierejz@1und1.de,Male,124.181.115.222
721,Lyndel,Cardero,lcarderok0@mayoclinic.com,Female,53.47.121.146
722,Saxon,Daniello,sdaniellok1@e-recht24.de,Male,81.88.154.224
723,Cris,Witcher,cwitcherk2@plala.or.jp,Female,18.201.29.136
724,Wendy,Ridesdale,wridesdalek3@privacy.gov.au,Female,194.200.228.22
725,Wendie,Lamputt,wlamputtk4@icq.com,Female,57.241.41.169
726,Parnell,Sine,psinek5@ifeng.com,Male,26.238.71.231
727,Lynsey,Chang,lchangk6@soup.io,Female,219.210.34.158
728,Irv,Fitchell,ifitchellk7@posterous.com,Male,56.162.189.66
729,Junette,Glazier,jglazierk8@huffingtonpost.com,Female,71.32.170.140
730,Darleen,Gauford,dgaufordk9@dropbox.com,Female,189.18.20.204
731,Fionnula,Hulett,fhulettka@nhs.uk,Female,101.217.23.183
732,Olenka,Daniele,odanielekb@baidu.com,Female,101.4.148.17
733,Lanie,Filippo,lfilippokc@thetimes.co.uk,Female,76.243.93.213
734,Genevra,Clowes,gcloweskd@skype.com,Female,114.175.148.182
735,Ralina,Crust,rcrustke@ucoz.ru,Female,220.189.253.253
736,Eldredge,Brawson,ebrawsonkf@squidoo.com,Male,209.155.42.80
737,Purcell,Nitti,pnittikg@uiuc.edu,Male,3.239.71.169
738,Carrissa,Gudde,cguddekh@chron.com,Female,66.110.44.127
739,Tomlin,Kliche,tklicheki@tmall.com,Male,83.78.21.234
740,Gerhard,Pepin,gpepinkj@shareasale.com,Male,17.154.121.144
741,Gael,Frackiewicz,gfrackiewiczkk@com.com,Male,94.32.180.47
742,Ulrich,Oultram,uoultramkl@cnet.com,Male,53.53.79.94
743,Goddart,Gallant,ggallantkm@4shared.com,Male,111.97.131.8
744,Raul,Danslow,rdanslowkn@tripadvisor.com,Male,251.102.0.190
745,Harli,Greeve,hgreeveko@washingtonpost.com,Female,199.160.127.246
746,Barbette,Bandiera,bbandierakp@apple.com,Female,25.42.235.110
747,Hayes,Oguz,hoguzkq@who.int,Male,181.156.51.46
748,Nelle,Saphin,nsaphinkr@wordpress.org,Female,241.179.201.2
749,Abdul,Sunock,asunockks@reddit.com,Male,226.54.146.118
750,Calhoun,Peasby,cpeasbykt@yellowpages.com,Male,95.144.66.251
751,Gennie,Zollner,gzollnerku@lulu.com,Female,157.66.103.2
752,Sadie,Huban,shubankv@newsvine.com,Female,221.86.43.2
753,Taber,Reddish,treddishkw@shareasale.com,Male,187.166.143.206
754,Justen,Wincer,jwincerkx@aboutads.info,Male,178.16.17.146
755,Lucienne,Calbrathe,lcalbratheky@usatoday.com,Female,177.175.2.240
756,Suellen,Ben,sbenkz@vinaora.com,Female,117.204.75.37
757,Jakie,Khomin,jkhominl0@yellowbook.com,Male,88.158.184.222
758,Jessie,Jancik,jjancikl1@hugedomains.com,Female,108.212.97.25
759,Mord,Matschek,mmatschekl2@goo.ne.jp,Male,160.19.118.79
760,Avis,Liebermann,aliebermannl3@home.pl,Female,128.183.158.44
761,Marchall,Rearden,mreardenl4@seesaa.net,Male,74.62.75.96
762,Virge,Gerren,vgerrenl5@imdb.com,Male,93.0.95.114
763,Leontyne,Klosser,lklosserl6@foxnews.com,Female,198.76.33.173
764,Nanon,Hamlet,nhamletl7@apache.org,Female,44.71.169.164
765,Odella,Escalera,oescaleral8@about.com,Female,238.209.93.165
766,Genna,Matley,gmatleyl9@google.com.hk,Female,51.27.231.87
767,Mersey,Yole,myolela@discuz.net,Female,128.200.51.16
768,Jennine,Lanfere,jlanferelb@netscape.com,Female,28.117.248.45
769,Phylys,Fursland,pfurslandlc@dagondesign.com,Female,144.130.255.172
770,Guillermo,Fraanchyonok,gfraanchyonokld@163.com,Male,49.64.25.47
771,Adina,Hendrik,ahendrikle@indiegogo.com,Female,12.203.57.184
772,Dell,Whistlecroft,dwhistlecroftlf@vimeo.com,Female,104.216.255.202
773,Wilburt,Tadlow,wtadlowlg@wikispaces.com,Male,96.12.205.222
774,Nickolai,Stoppe,nstoppelh@upenn.edu,Male,51.135.147.150
775,Thaddeus,Mogey,tmogeyli@webs.com,Male,133.3.153.229
776,Fara,Jonke,fjonkelj@ucsd.edu,Female,183.239.162.166
777,Munroe,Simants,msimantslk@yahoo.com,Male,17.92.124.140
778,Evey,Menis,emenisll@wunderground.com,Female,124.239.84.137
779,Marijn,Newland,mnewlandlm@skyrock.com,Male,63.163.27.47
780,Traver,Brownlee,tbrownleeln@eepurl.com,Male,83.179.126.10
781,Nicholas,Carbine,ncarbinelo@angelfire.com,Male,64.17.145.61
782,Alicea,Dowbekin,adowbekinlp@jalbum.net,Female,150.88.174.76
783,Melisent,Cheeney,mcheeneylq@cnbc.com,Female,187.174.36.19
784,Verney,Feacham,vfeachamlr@spotify.com,Male,39.53.115.108
785,Terence,Haly,thalyls@japanpost.jp,Male,238.211.109.214
786,Jessamine,Duffield,jduffieldlt@umn.edu,Female,102.4.44.196
787,Lilith,Lampaert,llampaertlu@bloglines.com,Female,178.203.188.62
788,Leonelle,Vamplers,lvamplerslv@multiply.com,Female,184.65.54.17
789,Leelah,Wiersma,lwiersmalw@ebay.co.uk,Female,155.184.217.93
790,Benji,Semrad,bsemradlx@abc.net.au,Male,143.44.240.26
791,Orrin,Borrell,oborrellly@google.ru,Male,253.88.243.29
792,Jorie,Pane,jpanelz@moonfruit.com,Female,97.83.86.211
793,Everett,Davidai,edavidaim0@123-reg.co.uk,Male,80.240.166.47
794,Winn,Baumer,wbaumerm1@twitter.com,Male,126.218.29.250
795,Torrey,McIlheran,tmcilheranm2@aboutads.info,Male,5.102.136.216
796,Chadwick,MacIlurick,cmacilurickm3@mac.com,Male,151.134.8.116
797,Pooh,Monni,pmonnim4@theglobeandmail.com,Male,130.38.130.66
798,Norina,Lithcow,nlithcowm5@sciencedirect.com,Female,48.27.48.84
799,Rahal,Wallbrook,rwallbrookm6@desdev.cn,Female,183.7.112.37
800,Koressa,Farlam,kfarlamm7@networksolutions.com,Female,232.224.51.93
801,Jarrod,Lightwood,jlightwoodm8@wordpress.com,Male,121.186.60.85
802,Demeter,Paroni,dparonim9@reverbnation.com,Female,104.139.215.190
803,Cicely,Messager,cmessagerma@jigsy.com,Female,51.89.17.175
804,Junina,Sidebotton,jsidebottonmb@marriott.com,Female,78.142.159.240
805,Felic,Begin,fbeginmc@xing.com,Male,67.102.140.183
806,Ario,Wyper,awypermd@shareasale.com,Male,164.44.152.184
807,Andrew,Tuttle,atuttleme@1688.com,Male,248.46.66.58
808,Gilly,Ricart,gricartmf@cocolog-nifty.com,Female,211.183.214.228
809,Cortney,Aggio,caggiomg@wikispaces.com,Female,168.32.58.23
810,Winn,Hupe,whupemh@gnu.org,Male,172.23.37.174
811,Harriett,Stitwell,hstitwellmi@wired.com,Female,8.0.10.114
812,Darryl,Moylane,dmoylanemj@sun.com,Male,201.241.205.114
813,Tana,Beceril,tbecerilmk@biblegateway.com,Female,63.140.174.247
814,Nichole,Harwick,nharwickml@huffingtonpost.com,Male,252.17.76.138
815,Daffy,Greggs,dgreggsmm@vkontakte.ru,Female,154.127.215.26
816,Edvard,Butterfield,ebutterfieldmn@gov.uk,Male,164.254.136.118
817,Alvin,McInulty,amcinultymo@newsvine.com,Male,136.14.218.22
818,Franzen,Breedy,fbreedymp@1und1.de,Male,233.17.1.251
819,Vickie,Crafts,vcraftsmq@loc.gov,Female,240.175.70.48
820,Kinsley,Boxen,kboxenmr@aboutads.info,Male,60.187.253.140
821,Alvan,Fulun,afulunms@imgur.com,Male,56.31.164.141
822,Wynnie,Aspel,waspelmt@webmd.com,Female,139.212.181.116
823,Dietrich,Lippingwell,dlippingwellmu@un.org,Male,5.144.21.77
824,Bondie,Lerway,blerwaymv@a8.net,Male,5.128.152.113
825,Jamima,Godard,jgodardmw@dyndns.org,Female,4.225.111.212
826,Eustacia,Veltmann,eveltmannmx@nytimes.com,Female,246.163.221.126
827,Thoma,Coo,tcoomy@youtube.com,Male,244.0.30.61
828,Flin,Santry,fsantrymz@clickbank.net,Male,199.251.110.64
829,Lotte,Ulrik,lulrikn0@washington.edu,Female,190.115.30.111
830,Mufinella,Sholl,msholln1@aol.com,Female,91.207.58.108
831,Maude,Guerra,mguerran2@japanpost.jp,Female,195.17.118.213
832,Nannie,Durdy,ndurdyn3@bbc.co.uk,Female,69.46.236.113
833,Rey,Jirusek,rjirusekn4@t-online.de,Female,237.210.73.122
834,Richmond,MacDavitt,rmacdavittn5@alibaba.com,Male,77.67.178.43
835,Raychel,Petranek,rpetranekn6@uol.com.br,Female,18.90.99.78
836,Eal,Connal,econnaln7@tripod.com,Male,250.71.113.109
837,Lefty,Dahlbom,ldahlbomn8@harvard.edu,Male,133.82.99.217
838,Myles,Grindle,mgrindlen9@virginia.edu,Male,27.103.140.201
839,Shirleen,McIlveen,smcilveenna@cnbc.com,Female,106.227.102.188
840,Paolo,Fend,pfendnb@hc360.com,Male,207.239.253.62
841,Cord,Bernat,cbernatnc@qq.com,Male,57.167.244.203
842,Ty,Muttock,tmuttocknd@hud.gov,Male,138.74.199.217
843,Alikee,Erskine Sandys,aerskinesandysne@shareasale.com,Female,248.205.15.69
844,Henrietta,Toulmin,htoulminnf@sfgate.com,Female,197.144.19.171
845,Leland,Costigan,lcostiganng@etsy.com,Female,219.113.173.121
846,Horacio,Shattock,hshattocknh@amazon.co.jp,Male,161.73.186.122
847,Jenelle,Bullick,jbullickni@technorati.com,Female,170.146.116.245
848,Emmye,Murray,emurraynj@sourceforge.net,Female,130.177.173.207
849,Vachel,Foskin,vfoskinnk@meetup.com,Male,45.213.181.151
850,Alain,Sergeant,asergeantnl@amazon.de,Male,155.50.166.224
851,Philippine,Bridgett,pbridgettnm@nbcnews.com,Female,88.93.50.15
852,Whitaker,Alliberton,wallibertonnn@ning.com,Male,52.101.178.198
853,Kassi,Sedgemore,ksedgemoreno@fc2.com,Female,122.249.129.207
854,Felisha,Shane,fshanenp@google.fr,Female,137.250.197.71
855,Shannah,Westall,swestallnq@disqus.com,Female,156.147.70.35
856,Noelani,Scholl,nschollnr@noaa.gov,Female,233.144.149.216
857,Brose,Lackey,blackeyns@buzzfeed.com,Male,92.26.77.203
858,Dwight,Parkin,dparkinnt@about.me,Male,191.73.136.99
859,Shannah,Tenby,stenbynu@ucoz.ru,Female,187.166.105.153
860,Jasmin,Finnemore,jfinnemorenv@hatena.ne.jp,Female,110.45.96.169
861,Lemmy,Ruane,lruanenw@phoca.cz,Male,51.247.199.231
862,Garrik,Gillet,ggilletnx@freewebs.com,Male,158.153.34.121
863,Washington,Jellicorse,wjellicorseny@example.com,Male,211.205.4.158
864,Agneta,Luker,alukernz@studiopress.com,Female,70.93.206.204
865,Nedi,Elfe,nelfeo0@nature.com,Female,245.204.110.157
866,Maressa,Haffard,mhaffardo1@elegantthemes.com,Female,80.98.233.223
867,Therine,Gergus,tgerguso2@youku.com,Female,2.255.13.71
868,Tootsie,Sinkins,tsinkinso3@arstechnica.com,Female,250.0.222.64
869,Benoit,Curnnok,bcurnnoko4@netscape.com,Male,83.65.127.122
870,Bartholomew,Kytley,bkytleyo5@economist.com,Male,33.155.200.151
871,Claudell,De Benedetti,cdebenedettio6@deliciousdays.com,Male,213.132.122.80
872,Ricca,Kalberer,rkalberero7@1und1.de,Female,76.183.43.241
873,Arney,Depka,adepkao8@home.pl,Male,171.162.196.38
874,Dag,Uvedale,duvedaleo9@geocities.com,Male,163.91.240.50
875,Stirling,Ethelston,sethelstonoa@sakura.ne.jp,Male,200.232.52.99
876,Jarrett,Alessandretti,jalessandrettiob@wikipedia.org,Male,51.42.107.28
877,Jessica,Brodeau,jbrodeauoc@technorati.com,Female,5.125.168.174
878,Lynn,Paine,lpaineod@cnbc.com,Male,212.88.87.76
879,Dona,Ruppelin,druppelinoe@digg.com,Female,131.101.147.230
880,Jeff,Colcutt,jcolcuttof@prweb.com,Male,192.154.22.108
881,Perl,Handes,phandesog@nyu.edu,Female,52.18.63.201
882,Pedro,Biford,pbifordoh@ted.com,Male,55.15.88.155
883,Benson,Carbine,bcarbineoi@shutterfly.com,Male,81.251.235.77
884,Clifford,Rickasse,crickasseoj@house.gov,Male,28.95.245.209
885,Gabriel,Souttar,gsouttarok@webeden.co.uk,Female,139.210.112.230
886,Bendick,Trammel,btrammelol@jiathis.com,Male,245.103.225.92
887,Laurie,Lawler,llawlerom@imageshack.us,Male,165.200.146.75
888,Terrel,Kuhnwald,tkuhnwaldon@nifty.com,Male,7.47.136.191
889,Garwin,Di Maggio,gdimaggiooo@wunderground.com,Male,129.202.14.200
890,Clementina,Wankling,cwanklingop@google.ru,Female,53.54.149.93
891,Kim,Jenicek,kjenicekoq@elegantthemes.com,Male,251.97.221.36
892,Karalynn,Wickes,kwickesor@dailymotion.com,Female,115.98.220.113
893,Katherine,Caveney,kcaveneyos@senate.gov,Female,240.179.137.126
894,Reynolds,Smidmor,rsmidmorot@angelfire.com,Male,67.193.250.38
895,Jeannine,Veare,jveareou@si.edu,Female,191.200.69.74
896,Walther,Beddo,wbeddoov@virginia.edu,Male,142.49.140.24
897,Gabey,Lippingwell,glippingwellow@opensource.org,Female,196.40.91.173
898,Rania,Padkin,rpadkinox@about.com,Female,101.125.46.143
899,Kendra,MacTeague,kmacteagueoy@va.gov,Female,112.175.166.207
900,Lefty,Cervantes,lcervantesoz@spiegel.de,Male,78.13.168.115
901,Anatola,Gahan,agahanp0@amazonaws.com,Female,241.255.248.163
902,Claudina,Vinick,cvinickp1@goo.ne.jp,Female,137.101.57.41
903,Lauraine,Wartonby,lwartonbyp2@devhub.com,Female,87.5.156.31
904,Cobbie,Karpe,ckarpep3@gravatar.com,Male,69.114.150.122
905,Artemas,Paquet,apaquetp4@yellowbook.com,Male,100.253.32.240
906,Mattie,Gowanlock,mgowanlockp5@jalbum.net,Male,203.62.198.49
907,Curt,Scarratt,cscarrattp6@networkadvertising.org,Male,100.110.135.66
908,Vinson,Lindop,vlindopp7@boston.com,Male,252.160.41.200
909,Marji,Binne,mbinnep8@sourceforge.net,Female,128.235.102.204
910,Louise,Killingsworth,lkillingsworthp9@imgur.com,Female,189.69.148.43
911,Shir,Peachey,speacheypa@yahoo.co.jp,Female,228.67.254.115
912,Naomi,O'Scandall,noscandallpb@wunderground.com,Female,139.125.26.193
913,Luce,Skowcraft,lskowcraftpc@histats.com,Male,134.112.183.28
914,Corene,Jewkes,cjewkespd@technorati.com,Female,81.249.151.89
915,Turner,Casaccio,tcasacciope@tuttocitta.it,Male,253.218.6.232
916,Lori,Reid,lreidpf@cloudflare.com,Female,208.1.73.192
917,Vidovik,Fardoe,vfardoepg@spotify.com,Male,244.7.87.10
918,Alexandros,Mustchin,amustchinph@fc2.com,Male,38.163.55.36
919,Damon,Shearmur,dshearmurpi@csmonitor.com,Male,48.38.200.148
920,Dniren,Shirlaw,dshirlawpj@networkadvertising.org,Female,96.166.187.54
921,Jandy,Greber,jgreberpk@altervista.org,Female,50.23.130.124
922,Charlotte,Lamcken,clamckenpl@boston.com,Female,4.133.176.233
923,Carmine,Giannassi,cgiannassipm@youtube.com,Male,217.130.135.241
924,Maddalena,Edlestone,medlestonepn@blog.com,Female,221.169.89.209
925,Ricky,Glentworth,rglentworthpo@webnode.com,Female,116.231.23.36
926,Aeriel,Oger,aogerpp@php.net,Female,188.227.64.188
927,Siward,MacKintosh,smackintoshpq@barnesandnoble.com,Male,100.116.112.51
928,Rudiger,Allpress,rallpresspr@nydailynews.com,Male,162.242.33.162
929,Gonzalo,Skyram,gskyramps@cyberchimps.com,Male,151.19.12.165
930,Mose,Kibbe,mkibbept@hubpages.com,Male,49.20.185.86
931,Robbie,Maestro,rmaestropu@scribd.com,Female,213.187.57.73
932,Corrina,Bartens,cbartenspv@wikipedia.org,Female,104.20.34.40
933,Dido,Osban,dosbanpw@yahoo.co.jp,Female,105.176.177.58
934,Blinnie,Reddy,breddypx@imageshack.us,Female,11.184.74.232
935,Aggy,Poynser,apoynserpy@sitemeter.com,Female,135.192.23.152
936,Judd,Weymouth,jweymouthpz@independent.co.uk,Male,193.185.183.108
937,Bond,Greguoli,bgreguoliq0@dot.gov,Male,73.48.171.28
938,Pavel,Rounsivall,prounsivallq1@soundcloud.com,Male,22.144.105.133
939,Marti,Shilladay,mshilladayq2@ftc.gov,Female,116.178.160.99
940,Winston,Painten,wpaintenq3@sfgate.com,Male,191.189.23.181
941,Basilio,Codi,bcodiq4@toplist.cz,Male,192.137.111.199
942,Carlos,Cammish,ccammishq5@yahoo.com,Male,60.81.60.237
943,Leticia,Keeting,lkeetingq6@tiny.cc,Female,10.33.144.98
944,Orrin,Doone,odooneq7@wsj.com,Male,124.245.2.95
945,Chris,Challinor,cchallinorq8@admin.ch,Male,24.109.230.88
946,Vania,Ondrusek,vondrusekq9@vistaprint.com,Female,55.239.165.214
947,Liva,Paulsen,lpaulsenqa@ow.ly,Female,129.77.130.17
948,Connie,Yakobowitz,cyakobowitzqb@issuu.com,Female,202.100.50.178
949,Ossie,Besse,obesseqc@state.tx.us,Male,134.2.123.27
950,Sherwynd,Risebrow,srisebrowqd@typepad.com,Male,2.221.241.216
951,Kennith,Senescall,ksenescallqe@feedburner.com,Male,166.51.247.177
952,Priscilla,Klimp,pklimpqf@dmoz.org,Female,71.216.16.37
953,Kikelia,Jacques,kjacquesqg@xrea.com,Female,59.21.126.230
954,Robin,Franses,rfransesqh@ustream.tv,Male,136.55.156.157
955,Sarita,Bussel,sbusselqi@printfriendly.com,Female,204.205.28.120
956,Tadeas,Arbor,tarborqj@addtoany.com,Male,150.122.215.205
957,Jessy,Agiolfinger,jagiolfingerqk@sciencedaily.com,Female,37.84.39.48
958,Marya,Goacher,mgoacherql@arizona.edu,Female,54.46.100.111
959,Kristofer,D'Acth,kdacthqm@stanford.edu,Male,9.159.27.106
960,Cindie,Philps,cphilpsqn@mashable.com,Female,78.157.104.6
961,Pansie,Swannell,pswannellqo@wsj.com,Female,94.63.8.131
962,Hildegaard,Woolmer,hwoolmerqp@hostgator.com,Female,80.214.150.124
963,Barbabas,Julian,bjulianqq@oaic.gov.au,Male,44.146.23.23
964,Mikkel,Bresnahan,mbresnahanqr@mac.com,Male,164.50.1.208
965,Haven,Cropper,hcropperqs@google.com.br,Male,12.76.212.227
966,Lanny,Beswell,lbeswellqt@shop-pro.jp,Female,41.135.142.117
967,Heath,Johncey,hjohnceyqu@mail.ru,Male,222.209.4.18
968,Lu,Dawtrey,ldawtreyqv@princeton.edu,Female,155.94.193.105
969,Tedman,Houlden,thouldenqw@state.gov,Male,44.37.108.64
970,Silvan,Minton,smintonqx@amazonaws.com,Male,88.81.243.152
971,Addy,Diament,adiamentqy@ustream.tv,Male,169.50.3.155
972,Zabrina,Bramsen,zbramsenqz@youtube.com,Female,166.142.154.4
973,Shay,Pinwill,spinwillr0@ocn.ne.jp,Female,170.80.178.243
974,Carina,Gover,cgoverr1@freewebs.com,Female,87.226.41.215
975,Ashia,Rosenbarg,arosenbargr2@cmu.edu,Female,168.81.138.115
976,Marylin,Thatcham,mthatchamr3@about.me,Female,35.105.217.147
977,Cortney,Locard,clocardr4@squarespace.com,Female,122.64.222.72
978,Gwenore,Edmett,gedmettr5@163.com,Female,132.159.190.176
979,Yvon,Milsap,ymilsapr6@epa.gov,Male,62.170.142.138
980,Hymie,O'Canavan,hocanavanr7@accuweather.com,Male,78.208.133.120
981,Dennie,MacAdam,dmacadamr8@infoseek.co.jp,Female,163.154.120.109
982,Terrye,Kemish,tkemishr9@amazon.com,Female,83.9.135.220
983,Perry,Trusler,ptruslerra@microsoft.com,Female,228.34.127.118
984,Nichol,Duncanson,nduncansonrb@elpais.com,Female,208.151.181.127
985,Verney,Gerriets,vgerrietsrc@google.co.jp,Male,235.193.37.213
986,Ann-marie,Fripps,afrippsrd@goodreads.com,Female,160.30.68.108
987,Tammara,Ivankov,tivankovre@ovh.net,Female,52.115.69.246
988,Robb,Logsdail,rlogsdailrf@theguardian.com,Male,247.169.7.64
989,Bekki,Lowle,blowlerg@php.net,Female,93.70.22.245
990,Fran,Hedylstone,fhedylstonerh@friendfeed.com,Female,161.61.235.143
991,Sam,Dumberrill,sdumberrillri@gravatar.com,Female,204.152.222.91
992,Tybi,Busson,tbussonrj@harvard.edu,Female,50.221.145.233
993,Maia,Limpertz,mlimpertzrk@ameblo.jp,Female,210.140.96.189
994,Jerad,Brocket,jbrocketrl@freewebs.com,Male,129.255.186.202
995,Carey,Bernardotti,cbernardottirm@fotki.com,Male,240.44.157.203
996,Farly,Dick,fdickrn@meetup.com,Male,188.218.136.142
997,Cale,Winyard,cwinyardro@networkadvertising.org,Male,238.169.84.88
998,Kevina,Haslock,khaslockrp@amazon.com,Female,77.215.212.112
999,Boonie,Cornick,bcornickrq@ameblo.jp,Male,142.144.150.98
1000,Chelsey,Winton,cwintonrr@amazon.co.jp,Female,49.71.243.4
